{
    "experiment_info": {
        "depth": null,
        "widths": [
            32,
            64,
            128
        ],
        "hidden_size": 128,
        "use_dropout": false,
        "use_batchnorm": false,
        "epochs": 3,
        "learning_rate": 0.001,
        "batch_size": 64,
        "device": "cpu"
    },
    "metrics": {
        "train_accuracy_per_epoch": [
            0.89815,
            0.9521666666666667,
            0.9636666666666667
        ],
        "test_accuracy_per_epoch": [
            0.9412,
            0.9542,
            0.9645
        ],
        "train_loss_per_epoch": [
            0.33062246286157354,
            0.1523193649189082,
            0.11549256062373392
        ],
        "test_loss_per_epoch": [
            0.18876507436073606,
            0.14109898781831,
            0.11452962730708681
        ],
        "final_train_accuracy": 0.9636666666666667,
        "final_test_accuracy": 0.9645,
        "training_time_sec": 44.376360177993774,
        "num_parameters": 36842
    }
}