{
    "experiment_info": {
        "depth": null,
        "widths": null,
        "hidden_size": 128,
        "use_dropout": false,
        "use_batchnorm": true,
        "epochs": 3,
        "learning_rate": 0.001,
        "batch_size": 64,
        "device": "cpu"
    },
    "metrics": {
        "train_accuracy_per_epoch": [
            0.9378666666666666,
            0.9713,
            0.9793833333333334
        ],
        "test_accuracy_per_epoch": [
            0.9675,
            0.9767,
            0.9796
        ],
        "train_loss_per_epoch": [
            0.22434998093160993,
            0.09353268017539623,
            0.06627689899533176
        ],
        "test_loss_per_epoch": [
            0.10131393782987265,
            0.07662267666988544,
            0.07150706265768285
        ],
        "final_train_accuracy": 0.9793833333333334,
        "final_test_accuracy": 0.9796,
        "training_time_sec": 50.78707242012024,
        "num_parameters": 118794
    }
}